{
  "hash": "c1250d7e",
  "configHash": "5d6a903e",
  "lockfileHash": "49ec3cba",
  "browserHash": "b01e13ab",
  "optimized": {
    "@angular/common": {
      "src": "../../../../../../node_modules/@angular/common/fesm2022/common.mjs",
      "file": "@angular_common.js",
      "fileHash": "1cff5df8",
      "needsInterop": false
    },
    "@angular/common/http": {
      "src": "../../../../../../node_modules/@angular/common/fesm2022/http.mjs",
      "file": "@angular_common_http.js",
      "fileHash": "a14957fe",
      "needsInterop": false
    },
    "@angular/core": {
      "src": "../../../../../../node_modules/@angular/core/fesm2022/core.mjs",
      "file": "@angular_core.js",
      "fileHash": "69027f11",
      "needsInterop": false
    },
    "@angular/forms": {
      "src": "../../../../../../node_modules/@angular/forms/fesm2022/forms.mjs",
      "file": "@angular_forms.js",
      "fileHash": "45f87a8f",
      "needsInterop": false
    },
    "@angular/platform-browser": {
      "src": "../../../../../../node_modules/@angular/platform-browser/fesm2022/platform-browser.mjs",
      "file": "@angular_platform-browser.js",
      "fileHash": "e0d855f7",
      "needsInterop": false
    },
    "@angular/router": {
      "src": "../../../../../../node_modules/@angular/router/fesm2022/router.mjs",
      "file": "@angular_router.js",
      "fileHash": "0a32120e",
      "needsInterop": false
    },
    "rxjs": {
      "src": "../../../../../../node_modules/rxjs/dist/esm5/index.js",
      "file": "rxjs.js",
      "fileHash": "5880e509",
      "needsInterop": false
    }
  },
  "chunks": {
    "chunk-FC5Y4UYQ": {
      "file": "chunk-FC5Y4UYQ.js"
    },
    "chunk-7ERYJJWP": {
      "file": "chunk-7ERYJJWP.js"
    },
    "chunk-5YY4JGXL": {
      "file": "chunk-5YY4JGXL.js"
    },
    "chunk-B7RQN5EG": {
      "file": "chunk-B7RQN5EG.js"
    },
    "chunk-LBQ7ANGX": {
      "file": "chunk-LBQ7ANGX.js"
    },
    "chunk-S35MAB2V": {
      "file": "chunk-S35MAB2V.js"
    }
  }
}